blog_url,name,project_desc,project_title,repo_url,tech_stack
http://dev.mensfeld.pl/,Maciej Mensfeld,Microframework used to simplify Apache Kafka based Ruby applications development,Karafka,https://github.com/karafka/karafka,"Ruby, Apache Kafka"
http://www.feliszewski.eu,Kamil Feliszewski,"maa gra w stylu FPS, akcja bdzie rozgrywa si na wyspie",Arczupiczu,https://github.com/fe-li/Arczupiczu,"Unity3D, Azure"
http://develop.art-of-ai.com/,Mateusz Bednarski,"Rozwiazywanie labirynt贸w, sudoku i by mo偶e innych zagadek ze zrobionego zdjcia.",Eye of Horus,https://github.com/artofai/EyeOfHorus,"Python, mo偶liwy klient w C#"
http://www.dobreprogramy.pl/djfoxer,Grzegorz Jamiokowski,Aplikacja uniwersalna pod Windows 10 (i Mobile) do przechwytywania w tle powiadomie u偶ytkownika z portalu dobreprogramy.pl,DP Notification,https://github.com/djfoxer/dp.notification,"Universal Windows Platform, C#"
http://czekanski.info,Jakub Czekaski,Emulator PlayStation,Avocado,https://github.com/JaCzekanski/Avocado,"C++, OpenGL, HTML/JS/CSS"
https://tomoitblog.wordpress.com/,Tomasz Molenda,Program ma pom贸c w zarzdzaniu domowymi lekami,mediciline,https://github.com/TomaszMolenda/mediciline,java spring mvc
http://codingpersona.com,Filip Bartuzi,"Nie wiem jeszcze co to dokladnie bdzie, ale na pewno pobawi si w railsach angularem 2 lub reactem",P贸ki co brak. Jak zarysuje mi si pomys na sam projekt to wybior tytu,https://github.com/Bartuz/april,Rails(5
http://devfirststeps.blog.pl/,Bartomiej azarski,"Spersonalizowana strona/wizyt贸wka, co co i tak musz wykona pewnego dnia.",LetMeGetToKnowYou,https://github.com/YogAzathoth/LetMeGetToKnowYou,"Ruby on Rails, HTML, CSS"
http://doriansobacki.pl,Dorian Sobacki,"Aplikacja do tworzenia wasnej ksi偶ki kucharskiej. Na podstawie zrobionych zdj z innych ksi偶ek kucharskich bdzie w stanie odnale藕 najcenniejsze informacje (skadniki, spos贸b przyrzdzenia) i doda do osobistej ksi偶ki kucharskiej, kt贸r bdzie mo偶na",Cook Book,https://github.com/Dorrro/CookBook,ASP.NET MVC 5
http://namiekko.pl/,Justyna Walkowska,"Skataloguj szaf, szukaj wedug kategorii, po偶yczaj ubrania",szafbook,https://github.com/1nk4/szafbook,Java (co dalej? to si oka偶e!
http://parkowanko.blogspot.com/,Bartek Mazur,sprawdzanie wolnych miejsc na parkingu,Czujnik Parkowani,https://github.com/Szarp/parkSensor,Internet of Things
http://blog.gonek.net/,Robert Gonek,Biblioteka dodajc panel administracyjny do strony na podstawie klas POCO.,Ilaro.Admin,https://github.com/rgonek/Ilaro.Admin,"ASP MVC, C#"
http://www.kotprogramistyczny.pl,Tomek Wiernik,Narzdzie do przegldnia transakcji na koncie bankowym,ShowMeTheMoney,https://github.com/dachowiec/ShowMeTheMoney,c# wpf
https://michalzajac.me,Micha Zajc,Gram sobie w karciank i wikszo baz danych to jaki arkusz Excela albo strona na WordPressie,Fate/Grand Order Database,https://github.com/Quintasan/fgodb,Ruby on Rails
https://beabest.wordpress.com,Zdzisaw Goik,Beabest jest gr osadzon w wiecie fantasy. Naszym zadaniem jest zabijanie jak najwikszej przeciwnik贸w by zdoby zoto i exp,Beabest,https://github.com/lorow/Beabest,C# oraz Unity3D 5
http://blog.yellowmoleproductions.pl/,Anna Sierhej,Czy marzye kiedy o pokonaniu zych goci Szermierczym Uchem? W planach napisanie gry 2D wanie o tym.,Fencing Ears,https://github.com/malezoltekrety/FencingEars.git,"Unity, Cocos2d (by mo偶e"
http://gronek.gq,Patryk Gronkiewicz,"Sterowanie komputerem za pomoc pilota, odbiornika i Arduino Mega",PC-IR-Arduino,https://gitlab.com/Gronekmaster/Qt-games-launcher,"C++, Arduino, Python"
http://piatkosia.k4be.pl/wordpress/,Angelika Pitkowska,Projekt do oceny ryzyka i zarzdzania bezpieczestwem,bezpieczniejsi,https://github.com/Piatkosia/bezpieczniejsi.git,".net, c#. wpf"
http://angryprogrammer.blog.com/,Tomasz Sikora,Emulator legendarnego vocodera Rolanda SVC 350,SVC 350,https://github.com/sikora507/svc350/,"C#, C++, C++/CLI, VST, VST.NET, FL Studio, Filtry sygnaowe IIR, WPF, hardware"
http://wolfman12333-ethicalhacker.simplesite.com,Dawid Wordliczek,PM4P - Pass Maker for Pentesters czyli program kt贸rego g贸wnym zadaniem jest generowanie listy wszystkich mo偶liwych hase o podanej dugoci lub o okrelonej granicy dugoci typu od ... do na podstawie danych wejciowych. Tak偶e umo偶liwia pobranie informa,PM4P,https://github.com/WolfMan12333/PM4P,"WFA, NET"
http://devbochenek.pl/,Marek Bochenek,"Bdzie to projekt open source rezerwacji. Dziki temu systemowi bdziemy mogli wypo偶yczy dowolny obiekt, a klienci bd mogli go rezerwowa. Bdzie mo偶na wynaj wszystko cobymy chcieli komu wynaj, a klient bdzie m贸g to zarezerwowa na jakis okres ",zarezerwujTo,https://github.com/rolldev/zarezerwujto,"Symfony2, php, html, mysql, twig, JS"
https://dziewczynazpytonem.wordpress.com/,Dziewczyna z pytonem,W bran偶y IT du偶o si narzeka na rekruter贸w. Planuj zrobi co na zasadach cleverbota/symulacji rozmowy o prac - bot bdzie zachowywa si jak najgorszy rekruter w miecie ;),Job interview,https://github.com/dziewczynazpytonem/job-interview.git,Python
http://blog.chyla.org/,Adam Chya,Prosty system zarzdzania logami,PAT LMS,https://github.com/chyla/pat-lms,"C,C++,Python,D-Bus,Django"
http://szymekk.me/blog/,Szymon Jankowski,Silnik gry,Orly,https://github.com/szymski/orly,Jzyk D
http://www.dedlajn.pl,Tomasz Majewski,"System do zarzdzania zam贸wieniami, agregowanymi z wielu sklep贸w internetowych i platform aukcyjnych. Gdy liczba zam贸wie wzrasta do takiego poziomu, 偶e nie spos贸b ich ogarn za pomoc prostego panelu w platformie sklepu, albo du偶a liczba kana贸w sprzed",Ombox - System Zarzdzania Zam贸wieniami,https://github.com/cldbrr/ombox/,ASP .NET MVC CORE 1.0
http://aneta-bielska.github.io/,Aneta Bielska,Aplikacja pomagajca w adopcji zwierzt ze schronisk.,home-for-paws,https://github.com/aneta-bielska/home-for-paws-app,"Ruby, JS"
http://filipcinik.azurewebsites.net/,Filip Cinik,Aplikacja przypominajca o dodanych wydarzeniach.,RemindMe,https://github.com/fcin/RemindMe,.NET
http://emi.gd/,Emilia Szymaska,Projekt systemu fabuy do gier RPG wykorzystujcy logik temporaln.,Temporal RPG System,https://github.com/Harriet92/TemporalRPGSystem,Unity
http://www.devanarch.com/,Pawe Paluch,Zestaw narzdzi do komunikacji z sterownikami PLC Beckhoff po protokole ADS,F# ADS Toolkit,https://github.com/nu-soft/fsharp-ads-toolkit,".NET, F#, ADS, TwinCAT"
http://knowakowski.azurewebsites.net/,Krzysztof Nowakowski,"May modu do montowania w cianie do zdalnego sterowanie owietleniem, w domu przez WiFi lub na zewntrz domu przez sie. Sprawdzenie poza domem, czy nie zapomnielimy zgasi wiata. Do tego mo偶liwo wczania wiata zwykym przecznikiem w cianie.",Modu zdalnego sterowania owietleniem,https://github.com/krzysiekmwk/projekt.git,Arduino
http://www.adambac.com,Adam Bac,CMS do szybkiego tworzenia bloga w GitHub Pages i Jekyll,Hyde CMS,https://github.com/abac00s/HydeCMS,AngularJS
http://tomaszkorecki.com/,Tomasz Korecki,Aplikacja webowa pozwalajca na utrzymanie poczenia oraz wymian danych pomidzy programami klienckimi lub urzdzeniami IoT w ramach zarejestrowanych przez u偶ytkownika kana贸w.,ConnectYourself,https://github.com/TomaszKorecki/connectYourself,"C#, ASP.NET MVC, Websockets, Rest"
http://www.sebastiangruchacz.pl/,Sebastian Suchacz,Paradostyczny generator losowych tekst贸w piosenek black/death metalowych.,Flaksator,https://github.com/Sebastian-Gruchacz/Flaksator,"C#, noSQL, WinForms => ModernUi"
http://www.paweltymura.pl,Pawe Tymura,Gra motocyklowa - prowadzisz z g贸ry widziany pojazd.,Hard Rider,https://github.com/pablot/HardRider,Swift
http://pyrzyk.net/,ukasz Pyrzyk,Oparty o .NET Core distributed cache z mo偶liwoci przechowywania danych w pamici RAM lub dysku twardym. Projekt jest jednoczenie prac in偶yniersk.,Kronos,https://github.com/lukasz-pyrzyk/Kronos,"C#, .NET Core, Linux"
http://www.marcinszyszka.pl,Marcin Szyszka,"Apka na adroida korzystajca z lokalizacji, internetu i multimedi贸w komunikujca si z WebApi w ASP.NET",MobileSecondHand,https://github.com/MarcinSzyszka/MobileSecondHand,Android (Android studio
http://blog.kars7e.io/,Karol Stepniewski,Wersja online gry karcianej inspirowanej gr Exploding Kittens.,Toxic Rats,https://github.com/kars7e/toxic-rats,Elixir lang + phoenix framework (backend
http://dyzur.blogspot.com,Jdrzej Dudzicz,Program do ukadania dy偶ur贸w dla nauczycieli,Dy偶ur,https://github.com/jedrzejd/dyzur,Java
http://MateoRobiApke.blogspot.com/,Mateusz Malinowski,Program dla mechanika do przechowywania informacji o samochodach klient贸w.,Warsztat Samochodowy,https://github.com/mateuscod88/MateoRobiApke.git,"C# WPF, SQL"
http://tomasz.dudziak.eu/,Tomasz Dudziak,"Internet of Things - sterowanie wiatem - rozwizanie oparte na ESP8266. Zadanie: opracowa sprzt, kt贸ry bdzie si mieci w standardowej puszce monta偶owej zamiast wcznika wiata - bdzie mia r贸wnie偶 przyciski fizyczne (zeby nie trzeba byo za ka偶d",uoo-light,https://github.com/uoopl/uoo-light,C++/ESP8266 Arduino IDE (firmware
http://perceptrons.prv.pl/,Gabriel Domanowski,Biblioteka umo偶liwiajca tworzenie sieci neuronowych. Pozwoli to tworzy aplikacje samo uczce si,Sztuczna sie neuronowa,https://github.com/GGG205/Sztuczna-sie-neuronowa,C++
http://dotnetcoder.wordpress.com/,Jakub Kuniszewski,"Rozszerzenie do Silnika Unity3D umo偶liwiajce tworzenie z poziomu Edytora ekwipunk贸w, i innych rzeczy z nimi powizanych, bez koniecznoci pisania wasnych skrypt贸w, a偶 do stopnia w kt贸rym u偶ytkownik chce go rozwin/dostosowa do swoich potrzeb",InventoryLight,https://github.com/Reaw/InventoryLight,"Unity3D, jzyk C#"
http://jakubskoczen.pl/,Jakub Skocze,"Portal umo偶liwiajcy zaplanowanie wolnego czasu, poprzez tworzenie spotka, wydarze, przeznaczony dla os贸b, kt贸re maj wolny czas, ale nie wiedz gdzie i z kim wyj.",TimePlanner,https://github.com/qbasko/TimePlanner,"ASP.NET MVC, AngularJS, Azure"
http://krzysztofzawistowski.azurewebsites.net/,Krzysztof Zawistowski,Aplikacja do zarzdzania planami treningowymi + diet,TrenerPersonalny,https://github.com/krzyzaw/TrenerPersonalny.git,.Net + js
http://brinf.wordpress.com,Bartosz Ratajczyk,Wasna kontrolka SSIS (SQL Server Integration Services) wykorzystujca WinSCP,SSIS WinSCP task,https://github.com/BartekR/ssis-winscptask,"C#, SQL Server, SSIS"
https://devblog.dymel.pl/,Micha Dymel,"Framework umo偶liwiajcy atwe tworzenie projekt贸w opartych o MicroServices, na bazie ASP.NET Core. Zamys polega na jak najbardziej automatycznej konfiguracji serwis贸w oraz uatwieniach w implementacji i deploymencie aplikacji.",MiSeCo,https://github.com/mdymel/miseco,ASP.NET Core
http://koscielniak.me/,Piotr Kocielniak,"Przedmiotem projektu jest aplikacja, w kt贸rej u偶ytkownik mo偶e utworzy wydarzenia, o kt贸rych chce by powiadomiony. Powiadomienia mog by realizowane r贸偶nymi kanaami na start przewiduj mail i SMS, a w przyszoci Facebook i mo偶e jakie IoT. Zobaczymy w",Notifier,https://github.com/pikoscielniak/notifier,ASP .NET CORE 1 (na UBUNTU
http://liveshare.azurewebsites.net/,Mateusz Gru偶ewski,Aplikacja bdzie dawaa mo偶liwo u偶ytkownikom nagrywanie film贸w w czasie rzeczywistym i dzielenie si nimi z grup znajomych jak r贸wnie偶 znajomi bd mogli komentowa dany film w czasie rzeczywistym.,LiveShare,https://github.com/lshadown/LiveShare,"Windows 10 , chmura Azure"
http://blog.lantkowiak.pl/,ukasz Antkowiak,Menad偶er dokumet贸w/zdjc na Androida.,Simple Document Manger,https://github.com/lukaszantkowiak/simple-document-manager,"java, android"
http://pumiko.pl/,Magdalena Stec,Webowa aplikacja z ogoszeniami lokalnymi wyspecjalizowana w domowych przetworach,Soiczki,https://github.com/pumiko/sloiczki,Django
http://mkotas.cz,Mariusz Kotas,Multiplatform simple game,Super Maze 2,https://github.com/Marfusios/supermaze2,"Monogame, Xamarin, Application Insights"
http://kodikable.pl/,Maciej Jurkowski,"Od du偶szego czasu chodziy mi po gowie wojny rdzeniowe. Ale jednak g贸wna idea stojca za projektem to stworzenie fajnej podwaliny pod skalowalne klastrowe rozwizanie oparte o Akka.NET. Projekt dla drogi, cel to tylko dodatek :).",CoreWars,https://github.com/jurek333/CoreWars,"Akka.NET, Azure Cloud Service albo VM w dowolnej chmurze, RethinkDB do monitoringu (ze wzgldu na database pushes"
http://halibuti.blogspot.com/,Bartomiej Bazik,"Z racji tego 偶e nie wszystkie banki oferuj atwy przegld bilingu, aplikacja bdzie generowa wykresy z wczytanego pliku xls.",Payoff,https://github.com/xxl93/Payoff,"Ruby on Rails ?Jango, Javascript - Chart.js, Google Charts API, Bootstrap."
http://jaroslawstadnicki.pl,Jarosaw Stadnicki,"Czytnik rss, z elementacji socjalnej interakcji i ledzenia u偶ytkownik贸w",ITAN,https://github.com/jstadnicki/isthereanynews,"C#, ASP.NET MVC, jQuery"
https://duszekmestre.wordpress.com/,ukasz Arciszewski,Multimedialny komunikator internetowy,MoN Messenger,https://github.com/duszekmestre/MoN.Messenger,".NET, Azure"
http://koscielski.ninja,Damian Kocielski,Gra matematyczna dla dzieci,Mistrz matematyki,https://github.com/dkoscielski/MathGame,"C#, Xamarin, Azure"
http://matma.github.io,Mateusz Wolsza,Automatically lint every pull request using your linting styles!,github-linter,https://github.com/matma/github-linter,node.js
http://localwire.pl,Micha Wilczyski,"Projekt ma cel stricte rozwojowy. Nie mialem okazji wczesniej stac sie wiekszym fanem algorytmow w jakiejkolwiek formie ale jako ze mialem okazje jakis czas temu pisac to i owo do szkoly, postanowilem przekuc to w troche wiekszy projekt. Generalna idea po",Graphinder,https://github.com/m-wilczynski/Localwire.Graphinder,"C#, ASP.NET MVC"
https://gpks.github.io/,Magorzata Ksionek,Gem generujcy szkielety klas Ruby'ego. Mo偶e uatwi prowadzenie zaj dla pocztkujcych z podstaw programowania,Class Generator,https://github.com/gpks/class_generator,Ruby.
http://oxbow.pl,Bartosz Gawroski,aplkicja turystyczna pomagajca w tworzeniu plan贸w na kr贸tkie lub du偶sze wypady pomaga zorganizowa miejsca zwiedzania posiku itp,Sightseer,https://github.com/OxbowINC/konkurs,"Android Studia, JAVA"
http://skobo.pl/,Adam Skobodziski,"Gra logiczna, javascript.",Run Pigs Run,https://github.com/adamskopl/runpigsrun/,"Javascript, Phaser game framework (http://phaser.io/"
http://it-michal-sitko.blogspot.com/,Micha Sitko,"Narzdzie wspomagajce dyskusje podczas pracy zdalnej, poprzez umo偶liwienie wielu u偶ytkownikom naraz rysowanie na tej samej wirtualnej kartce papieru. Mo偶e by tak偶e wykorzystywane do zabaw edukacyjnych z dziemi",Parallel Draw,https://github.com/mesitko/paralleldraw.git,"HTML 5, JavaScript, node.js, a p贸藕niej tak偶 aplikacja kliencka - Swift/objective C"
http://blog.simpleshop.pl,Dominik Wawrzyczak,"SimpleShop to projekt, kt贸ry ma na celu proste tworzenie sklepu internetowego, kt贸re nie wymaga znajomoci jzyk贸w programowania.",SimpleShop,https://github.com/Raspi684/simpleshop,"HTML, PHP, CSS, JAVASCRIPT"
http://kduszynski.pl,Kajetan Duszyski,Portal spoecznociowy skupiajcy ludzi lubicych dobrze zje :),SocialCooking,https://github.com/wildcat89/SocialCooking,"AngularJS, ASP.NET WebAPI, MS SQL Server 2012"
https://blog.scooletz.com/,Szymon Kulec,A Journey to the Land of Extreme Concurrent Performance in .NET,RampUp,https://github.com/Scooletz/RampUp,.NET C# IL emit
http://dsp.katafrakt.me,Pawe witkowski,Projekt podobny do Meetup.com,Thing,https://github.com/katafrakt/thing,Scala/Play
http://www.karolpysklo.pl/,Karol Pysko,"Maszyna Wirtualna - jaka dokadnie sam jeszcze nie wiem, podobno apetyt ronie w miar jedzenia, wiec licz 偶e wyjdzie co fajnego :)",VM,https://github.com/KarolPysklo/vm,C/C++/Python
http://student.agh.edu.pl/~kefas/,Piotr Paucki,"Aplikacja pozwalajca na przegldanie bazy danych zawierajcej dane z ligi pikarskiej, wykonana przy okazji jednego z przedmiot贸w na uczelni. W projekcie chc przewiczy funkcje standardu C++11, Test Driven Development oraz zbudowa interfejs graficzny ",Leauge Explorer,https://github.com/palucki/leauge-explorer,"C++11, QT, SQL Server, TDD"
http://blog.kokosa.net,Konrad Kokosa,Graficzna wizualizacja pamici procesu .NET - za pomoc wygodnego jzyka zapyta,MemoryVisualizer,https://github.com/kkokosa/MemoryVisualizer,".NET, WPF, F#, ClrMD"
https://slaviannblog.wordpress.com,Dmitro Szewczuk,,JustEngine2D,https://github.com/SlavianUA/justEngine2D,"C++, SDL, oraz pochodne"
http://bodolsog.pl/blog/,Pawe Drozd,,GreenWave,https://github.com/bodolsog/GreenWave,"Java 8, Java FX, JavaScript"
http://michalgellert.blogspot.com/,Micha Gellert,Praca konkursowa: http://learning.xprize.org/ Aplikacja ma pomaga w nauce osobom kt贸re nigdy nie miay stycznoci z technologi,E-lementarz,https://github.com/migellal/Elementarz,"Android, java"
http://www.mfranc.com,Michal Franc,Appka do testowania / nadzorowania / debeuggowania microserwisow,OverSeer,https://github.com/michal-franc/OverSeer,F# / C# + ReactJS + docker
http://donpiekarz.pl,Bartomiej Piekarski,Narzdzie do audytowania pocze SSL/TLS,Bocianie Gniazdo,https://github.com/donpiekarz/bocianiegniazdo,Python2/3
http://piotr-wandycz.pl/,Piotr Wandycz,"Klasyczny space shooter, co w stylu Raptor: Call of the Shadows. Platforma PC.",Flyen Shoot,https://github.com/PiotrWandycz/flyen-shoot,Unity i C#
http://adamszneider.azurewebsites.net,Adam Szneider,"Aplikacja tworzona jako praca magisterska. Own Training Planner to aplikacja do tworzenia wasnych plan贸w wicze, udostpniania ich lub korzystania z gotowych plan贸w treningu. Zaimplementowane bdzie kilka metod tworzenia plan贸w( seria wicze, naprzemie",Own Training Planner,https://github.com/AdamSzneider/TrainingPlanner,WPF/C# (opcionalnie Miracast
http://www.xaocml.me:4000,Wiktor Walentynowicz,Aplikacja su偶ca do modelowania sieci neuronowej typu multiperceptron wraz z mo偶liwoci obserwacji zmian zachodzcych w sieci.,Multiperceptron Virtual Laboratory,https://github.com/wwalentynowiczdev/multiperceptron-lab,"C++, Qt"
http://sebcza.pl,Sebastian Czarnecki,"Coms jest systemem, kt贸ry obsuguj og贸lnopolski konkurs mat2tab. Aktualnie jest to aplikacja napisana w Kohana PHP. Zawiera modu zgaszania uczestnika do konkursu, zgaszania pracy. Za obsug treci odpowiedzialny jest wordpress z restapi. Ostatnio dos",Mat2Tab Coms,https://github.com/sebcza/coms,"PHP, C#, ASP.NET, Apache Spark, Angular"
http://www.wearesicc.com,Maciej Korsan,"Wspomagacz do uruchomienia na nieu偶ywanym monitorze/telewizorze w biurze z r贸偶nymi integracjami, na bie偶co monitorujcy to co si dzieje z naszymi projektami  Projekt eksperymentalny tworzony przez front-end developera (wic mo偶e by wesoo.)",Officer Pi,https://github.com/maciejkorsan/officer-pi,Raspberry Pi i wszystko co da si poczy ;
http://tomaszjarzynski.pl/,Tomasz Jarzynski,Zarzadzanie rozgrywkami turniejow w pokera.,Pokerowe Podziemie,https://github.com/Jaryn91/PokerWebsite,ASP.NET MVC
http://hryniewski.net,Rafa Hryniewski,Niewielki system e-commerce dedykowany gastronomii oferujcej posiki na dow贸z.,YumYum Commerce,https://github.com/r-hryniewski/YumYum,ASP.NET MVC
http://toomanyitprojects.azurewebsites.net/,Janek Grzybowski,"Aplikacja su偶ca do generowania CV oraz ledzenia postpu w poszukiwaniu pracy (pamitanie termin贸w rozm贸w, deadline'贸w zada rekrutacyjnych itp.) G贸wny nacisk poo偶ony jest na mo偶liwo trzymania swoich danych w wielu jzykach na raz, coby nie tumaczy",JobTracker,https://github.com/JGrzybowski/JobTracker,"Na razie aplikacja UWP w przyszoci wersja WPF lub web贸wka, ale p贸ki co to odlege plany."
http://krystianbrozek.pl/,Krystian Bro偶ek,"Wstpni chc zrobi projekt, kt贸ry bdzie generowa bazy danych (tabelki poczenia i ca reszt) i wrzuca przykadowe dane (wstpnie trzymane na Azure i co co bdzie latao po sieci i rozbudowywao zasoby). Kolejnym krokiem bdzie generowanie skrypt贸w",Generator baz danych,https://github.com/Yyystek/db.git,.NET (C# + WPF coby adnie wygldao
http://rzeczybezinternetu.blogspot.com/,Sawomir Rudawski,"Zbi贸r snippet贸w pozwalajcych w prosty spos贸b zaprogramowa rzecz, kt贸ra w przyszoci mo偶e zosta podczona do Internetu.",Rzeczy bez Internetu,https://github.com/slawciu/rzeczybezinternetu,"C, AVR"
http://blog.plotnicki.net,Filip Potnicki,Platforma pozwalajca na symulacj meczu piki no偶nej w postaci animacji 2d. Alternatywa dla tekstowych relacji.,FogVis,https://github.com/FilipPlotnicki/fogvis,node.js + platforma webowa + heroku
http://lukasz-jankowski.pl/,ukasz Jankowski,Marble,Marble,https://github.com/ukaszjankowski/Marble,".NET, WPF, C/Assembler AVR"
http://md-techblog.net.pl,Marian Dziubiak,Open-source'sowy pakiet Office napisany w C#. Bdzie mocno zmodularyzowany aby uatwi tworzenie plugin贸w i kolejnych aplikacji pakietu.,SharpOffice,https://github.com/manio143/SharpOffice,.NET/Mono
http://swistak35.com,Rafa asocha,"Aplikacja webowa do zbierania i dzielenia si linkami, g贸wn inspiracj jest pinboard i pinterest.",Symmetrical Chainsaw,https://github.com/swistak35/symmetrical-chainsaw,"haskell, javascript, elm"
https://medium.com/@marcinmatuszak,Marcin Matuszak,"Aplikacja do 'uruchamiania' test贸w napisanych w Postmanie. W pierwszej iteracji dziaajca jako narzdzie konsolowe, docelowo jako plugin do sbt.",Postie,https://github.com/mrcmatuszak/postie,Scala
http://www.mikolajdemkow.pl/,Mikoaj Demk贸w,,Familiada,https://github.com/MDikkii/FamiliadaDSP,"Aplikacja na PC: C#, MVC ASP.Net lub Windows Forms. Klient dla prowadzcego: Android, Windows Phone 8/8.1, Windows 10, mo偶e iOS"
http://kubasz.esy.es,Mateusz Kubaszek,"Szyfrowany chat internetowy, w kt贸rym ka偶dy mo偶e by anonimowy.",PyTrueChat,https://github.com/mkubasz/TrueChat,"Python ( Django, Flask..."
http://szumiato.pl,Jakub Szumiato,Strona agregujca filmy z sieci dotyczce technologii .NET,.NET Videos,https://github.com/kubaszumiato/DotNetVideos,Angular2/NoSQL mo偶e .NET
http://mateuszstanek.pl/,Mateusz Stanek,W teamie mamy tv na kt贸rym mo偶na podej i wczy co z YT dla o偶ywienia atmosfery Projekt ma pom贸 偶eby nie trzeba byo podchodzi do TV tylko strona na TV jest staa a dostp do managera ma ka偶dy przez sie,TeamYoutubePlayer,https://github.com/Matejkos/SignalYTPlayer,"C#, .NET, SignalR"
http://metodprojekt.blogspot.com,Andrzej 呕ukowski,"Otwarta, darmowa gra logiczna, obecnie tylko na systemy MS Windows",Metod,https://github.com/konstruktywnie/,C/C++
https://devprzemm.wordpress.com/,Przemysaw Porbski,"Gra RPG, z wykorzystaniem biblioteki SDL oraz biblioteki Gem.",Deadstorm,https://github.com/przempore/Deadstorm,C++
http://incodable.blogspot.com/,Grzegorz Ku藕nik,"Aplikacja mobilna i desktopowa, kt贸ra g贸wnie przy pomocy mapy pozwoli zaplanowa wolny czas i/lub podr贸偶e.",JourneyPlanner,http://github.com/Greg0/JourneyPlanner,Javascript
http://masakradev.tk/,Mateusz Kaleta,http://masakradev.tk/?p=37,TextAdventure,https://github.com/masakradev/TextAdventure,python
http://www.crynkowski.pl,Cezary Rynkowski,Aplikacja do zarzdania zadaniami,Taskager,https://github.com/CezaryRynkowski/taskager,"asp.net 5, mvc 6, AngularJS, EF7 i co tylko przyjdzie mi do gowy :"
http://manisero.net/,Micha Aniserowicz,.NET Domain-Specific Language compiler and executor.,DSLExecutor,https://github.com/manisero/DSLExecutor,.NET
http://programistka.net,Iwona Lalik,Androidowa aplikacja wspomagajca u偶ytkownik贸w w regularnych zakupach.,Shopping Advisor,https://github.com/programistka/ShoppingAdvisor,Android
http://maque.github.io/,Marcin Makowski,Napisanie efekt贸w z Demo Sceny komputerowej przy pomocy JavaScript,JSDemoScene,https://github.com/maque/JSDemoScene,JavaScript
http://mbork.pl,Marcin Borkowski,"Narzdzie do rysowania dla dzieci, inspirowane jzykiem LOGO",Logeox,https://github.com/mbork/logeox,Android + Java
http://lion.net.pl/blog/,Maciej Lew,"Aplikacja na urzdzenia mobilne wspomagajca obliczanie dawek lek贸w. Uniwersalny szkielet pozwalajcy na import wasnych, zewntrznych zestaw贸w lek贸w.",Drug Dose Framework,https://github.com/maciejlew/drug-dose-framework,"Apache Cordova, AngularJS, Ionic"
http://www.diwebsity.com/,Adrian Sroka,Projekt ma na celu implementacj mechanizmu wykrywania reagowania na pr贸by ataku wewntrz aplikacji API,WebAPI OWIN App Sensor,https://github.com/suvroc/WebAPI-OWASP-App-Sensor,.NET WebAPI
http://bartoszrowinski.pl/,Bartosz Rowiski,"Planuj stworzy gr przegldarkow, popularn klikank, w jak si grao majc nacie lat. Temat pad na najwiksz nisz - pika no偶na.",FootballGame,https://github.com/xrbartek/footballgame,HTML / CSS & PHP
http://michalogluszka.pl,Micha Oguszka,Celem projektu jest... da si pozna! 呕eby to zrealizowa aplikacja pozwalajca wykrzycze dowolne sowo do wszystkich w okolicy. Zao偶eniem jest wsparcie dla aktualnych aplikacji mobilnych i stron internetowych.,Shout!,https://github.com/michalogluszka/shout,"Windows Universal Apps, Android, iOS, nodejs... i co jeszcze wpadnie do gowy"
http://sprobujzmiany.blogspot.com,Dominika Matyjewic,"Celem projektu jest stworzenie systemu, kt贸ry poprzez zdalny dostp bdzie pomaga zalogowanym u偶ytkownikom rozwiza problemy wystpujce w ich zespoach deweloperskich poprzez r贸偶ne techniki stosowane w zwinnych metodach zarzdzania",Rozwi偶 problem zwinnie,https://github.com/DeTheTurquise/sprobujzmiany.git,"java, primeface, rest (mam nadziej, 偶e o to chodzio i 偶e to ewentualnie mo偶e ulec zmianie"
https://adrianancymon.wordpress.com/,Adrian Ancymon,"FishPot to aplikacja edukacyjna umo偶liwiajca tworzenie, kolekcjonowanie oraz wymian fiszek.",FishPot,https://github.com/adrianancymon/fishpot,Python & Flask
https://stitzdev.wordpress.com/,Damian Ochramowicz,Wariacja na temat widowsowego sapera,MegaMinisweeper,https://github.com/Stitz/MegaMinesweeper,Game Maker
http://cezary.mcwronka.com.hostingasp.pl/,Cezary Wronka,Projekt ma na celu notyfikowanie u偶ytkownik贸w o nowych raportach okresowych sp贸ek inwestycyjnych na GPW,FinData,https://github.com/CezaryCezary/FinData,"C#, ASP.NET MVC, Bootstrap, Angular JS"
http://chmielowski.net,Piotr Chmielowski,"Aplikacja na Androida do zarzdzania listami zada. Pozwala na tworzenie r贸偶nych list, uczy si kiedy i gdzie u偶ytkownik u偶ywa kt贸rej, a zdobyt wiedz wykorzystuje 偶eby w odpowiednich okolicznociach podsun mu t waciw.",Context aware TODO list manager,https://github.com/pchmielowski/ContextAwareTodoList,"Java, Android Studio"
https://damianwojcikblog.wordpress.com/,Damian W贸jcik,"Planuj wykona do koca konkursu projekt gry na androida wykorzystujc C#, Visual Studio oraz pewnie jakie inne technologie poznane w trakcie nauki. POZIOM BEGGINER!!",My first Android game,https://github.com/Tokalos/-Myfirstandroidgame,"C#. Visual Studio Community, GitHub, Unity 3D"
http://maciejskuratowski.com/,Maciej Skuratowski,"Platforma do wymiany, zbieraniu poczt贸wek po midzy u偶ytkownikami systemu.",PostcardSending,https://github.com/Ciejaa/postcards-sending,"ASP.NET CORE 1.0, Entity Framework Core 1.0, Bootstrap 4.0, Angularjs 2, Microsoft Azure"
http://tokenbattle.blogspot.com/,Piotr Kuczyski,Gra tworzona na silniku Unity,Token Battle,https://github.com/AwareOwl/TokenBattle,"C#, Unity"
http://blog.napierala.org.pl/,Szymon Napieraa,Zarzdzanie osobistymi finansami,Kr贸wka,https://github.com/SzymonNapierala/Kr-wka.git,"Spring Framework, AngularJS, Bootstrap, React"
http://nicholaszyl.net,Mikoaj 呕ykowski,"Aplikacja na platform Android, kt贸ra ma wspomaga proces leczenia. Pierwsz, g贸wn funkcjonalnoci ma by przypominanie o wziciu zapisanego leku.",Take a pill,https://github.com/NicholasZyl/take-a-pill,"Java, Android"
http://milena.mcwronka.com.hostingasp.pl/,Milena Wronka,"Rozpoczcie przygody z technologiami HTML5, CSS3 - pierwsza w 偶yciu strona www.",Pierwsze koty za poty :)),https://github.com/MilenaWronka/DajSiePoznac,
http://immora.azurewebsites.net/,Kasia Pietraszko,Strona webowa dla groomera ps贸w,Dog groomer,https://github.com/immora/dog-groomer.git,"Html, JavaScript, Css, ASP.NET MVC, Bootstrap"
http://blog.leszczynski.it,Piotr Leszczyski,"W ramach projektu powstanie nowy player dla jednej z rozgoni radiowych, przy okazji uczc si nowych technologii. W ramach projektu powstanie serwer odbierajcy (z systemu emisyjnego) i rozsyajcy dane klient贸w. Sam modu radia powstanie w oparciu o Re",Radio Player,https://github.com/leszczynski-it/gramy,"Node.js, React, React Native, Socket.io, Rx.js"
http://addictedtocreating.pl/,Konrad Rugaa,Panel sterujcy do symulatora lot贸w oparty to platform Arduino,https://github.com/Konradox/SimulatorControlPanel,https://github.com/Konradox/SimulatorController,C/C++
http://www.namekdev.net/topics/dailies/the-console/,Kamil Dbrowski,konsola codziennego u偶ytku,The Console,https://github.com/Namek/TheConsole2,Java
https://barloblog.wordpress.com/,Dawid Krzu,Aplikacja wspomagajca odchudzanie,BeMoreFit,https://github.com/Brlo1992/BeMoreFit,"ASP.NET 5, Angular 2"
http://itcraftsman.pl,Arkadiusz Kondas,"Biblioteka do machine learningu. Klasyfikacja, regresja oraz klastrowanie.",PHP-ML,https://github.com/php-ai/php-ml,PHP
http://www.przemyslawowsianik.net,Przemysaw Owsianik,Aplikacja pomagajca zarzdza planami treningowymi. Funkcja prostego trenera personalnego.,Hard Training,https://github.com/powsianik/HardTraining,C# + WPF + Entity Framework
http://www.ibpabisiak.pl/,Bartomiej Pabisiak,Prosta gra mobilna. Wcielamy si w posta kt贸ra skacze po dachach budynk贸w.,FreeRunner,https://github.com/ibpabisiak/FreeRunner.git,"C#, Xamarin, Unity"
http://macieklesiczka.github.io/,Maciej Lesiczka,Statystyczna analiza i wizualizacje publicznych danych konkursu Daj Si Pozna 2016,dsp-meta,https://github.com/MaciekLesiczka/dsp,"R, javascript"
http://0x00antdot.blogspot.com,Piotr Zieliski,"Program majcy na celu analiz danych pobranych przez mikrofon, by nastpnie wykonywa zaprogramowane zadania",SnailTrumpeter,https://github.com/antDOT/SnailTrumpeter,C++/C;Windows
http://kkustra.blogspot.com/,Kacper Kustra,"Symulacja podziau student贸w na specjalizacje. Student bdzie sie rejestrowa, nastepnie podawa osiagniecia w poszczegolnych semestrach oraz przedstawi swoje preferencje na jakie specjalnosci chcialby trafic. Aplikacja po analizie danych bedzie przedstaw",Symulacja podziau na specjalki,https://github.com/kuster91/daj_sie_poznac,C#
http://msnowak.pl,Mateusz Nowak,Projekt aplikacji do zdalnego sterowania komputerem z zainstalowanym systemem Windows za pomoc aplikacji mobilnej Android,Remote Controller,https://github.com/msnowak/RemoteController,"C# serwer, Xamarin - aplikacja Android"
http://dev.nitwoe.com,Szymon Licau,Roguelike-esque text-based farming simulation game,Praedium,https://github.com/Nitwoe/Praedium,C#
http://blog.bga.pl,Jakub Rutkowski,"Projekt IoT. Zbudowanie systemu monitorowania i alertowania statusu build贸w Jenkinsa. Zakadam zbudowanie czci serwerowej, wtyczki jenkins i rzeczywistego urzdzenia - sygnalizatora problem贸w z buildem.",doberman,https://github.com/rutkowskij/doberman,"Java, C, Lua, elektronika"
http://blog.jhossa.net/,Jakub Hossa,Biblioteka do atwiej i szybkiej implementacji algorytm贸w genetycznych.,easyGALib,https://github.com/qba8/easyGALib,"C#, .NET"
http://www.nowas.pl,Patryk Nowacki,ToTu bdzie prostym Systemem Informacji Pasa偶erskiej - SIP. Bdzie to aplikacja webowa skierowana g贸wnie na urzdzenia mobilne. W pierwszej wersji aplikacja bdzie prezentowa na mapie przybli偶one poo偶enie pojazd贸w komunikacji publicznej,ToTu,https://github.com/Nowas/ToTu,"Node.JS, JS. Infrastruktura bardziej mikroserwisowa, Google Maps JS API, Oczywicie to wszystko wstpne zao偶enia, bo projekt dopiero powstanie."
http://blog.degustudios.com/,Bartomiej Rogowski,"Silnik do gier typu rougelike. Zestaw najczciej wykorzystywanych funkcjonalnoci przy tworzeniu tego typu gier np. pathfinding, shadowcasting, AI, generators.",RL Engine,https://github.com/brogowski/RL-Engine,Clojure
http://jakubfalenczyk.com/,Jakub Faleczyk,Aplikacja pobierajca ogoszenia mieszkaniowe z popularnych portali i udostpniajca jeden interfejs do ich przeszukiwania.,AdGatherer,https://github.com/jfalenczyk/AdGatherer,"Aurelia, Node.js"
https://citygame2016.wordpress.com/,Adam Jaboski,,City game,https://github.com/DrGruby/city-game/,java (android
http://fogielpiotr.blogspot.com/,Piotr Fogiel,Projekt umo偶liwiajcy granie w midzy galaktyczne turnieje darta.,Dart Vader,https://github.com/fogielpiotr/Dart_Vader,ASP.NET MVC + Atmel AVR 8 bit
http://straightouttacode.net/,Daniel Hermyt,"WONS, czyli Word Operating Neural System, to API do analizy tekstu w jzyku polskim. Pierwszy etap zakada stworzenie algorytmu do analizy wyd藕wiku.",WONS,https://github.com/dhermyt/WONS,"C#, Web API 2"
http://blog.creyn.pl/,Pawe Kowalik,Wykorzystanie Raspberry Pi do monitorowania lod贸wki i artyku贸w 偶ywnociowych.,Smart Lod贸wka,https://github.com/creyn/Smart-Lodowka,"IoT, Raspberry Pi, Python, C#, Web"
http://ppkozlowski.pl/blog/,Piotr Kozowski,Usuga Windowsa zajmujca si wymian plik贸w pomidzy r贸偶nymi serwerami FTP + webowy interfejs administracyjny i monitorujcy stan usugi.,File Exchanger,https://github.com/ppkozlowski/FileExchangerService,"C#, ASP.NET, HTML/CSS"
http://pablito-blog.pl/,Pawe Stolka,"Serwis webowy ma pokazywa tras wdr贸wki na GMaps, aktualizowan poprzez appk mobiln, z opcjami takimi jak komentarze, zdjcia itp. Wspaniae 藕r贸do informacji dla rodziny i znajomych gdzie si gagatek podziewa na wiecie :)",buenCamino,https://github.com/pawel-stolka/buenCamino,"HMTL, JavaScript, ASP.Net, MVC"
http://koderatornia.pl,Agata Kulbicka,"W ramach projektu powstanie gra internetowa - statki. Bdzie to dla mnie pierwsze tak powa偶ne spotkanie z JavaScript i Meteor.js, wic z pokor przyjm status baby developera i nie bez maych obaw podejm to wyzwanie! Wierz jednak, 偶e jego realizacja poz",Naves,https://github.com/koderatornia/naves,"JavaScript, HTML, CSS, Meteor.js"
http://www.csharks.blogspot.com,Anna Hajduk,Nauka C# od podstaw i stworzenie kocowego projektu na bazie nabytych umiejtnoci.,Csharks,https://github.com/hajdusia/csharks,C#
https://onehundredoneblog.wordpress.com/,Rafa Michauszek,Gra logiczno-platformowa na silniku Godot Engine,OneHundredOne,https://github.com/InfamousNinja/onehundredone,Godot Engine + Gimp 2.6
http://mcupial.pl/,Micha Cupia,"W 2015 roku bylimy wiadkami ponad 1100 piwnych premier polskich browar贸w rzemielniczych. Chciabym stworzy portal, kt贸ry agregowaby te informacje w jednym miejscu i udostpnia dla ka偶dego zainteresowanego tym beergeeka.",PiwNews,https://github.com/mcupial/PiwNews,"ASP.NET MVC 5, C# 6.0, Entity Framework 6, HTML5 i CSS3"
http://blog.gotowal.ski/,Bartosz Gotowalski,Pr贸ba stworzenia serwisu umo偶liwiajcego tworzenie backendu w locie. Backend-as-a-Service.,TruBaaS,https://github.com/gotowalski/TruBaaS,.Net
http://select-iot.pl,Krzysztof Biakowski,"Raspberry pi , esp8266 ,monitorowanie ruchu, wysylanie na serwer , ladne wykresiki :)",Monitoring dom,http://github.com/smashpl,nazwa robocza
http://twitop.azurewebsites.net/,Jacek Sosnowski,Top informacji z Twittera. Ranking najpopularniejszych temat贸w odwie偶any w czasie rzeczywistym.,TwiTop,https://github.com/jsosnowski/TwiTop,"Java, Apache Spark, Apache Kafka"
http://www.brozanski.net,Bartosz R贸偶aski,System do pomiaru zu偶ycia prdu w moim domu oparty o platform Raspberry Pi,Electricity Measurement System on Raspberry Pi,https://github.com/barozi/EMSoRasPi,"JavaScript, .NET (Mono"
http://arekbal.blogspot.com,Arkadiusz Bal,Scrolling Shooter Arcade Game In Three.js,Star Lust,https://github.com/arekbal/arekbal.github.io,"Three.js, TypeScript, Gulp, NodeJs"
http://wezewkodzie.blogspot.com/,Marcin Mielcarski,Gra o hakowaniu komputera w stylu amerykaskich film贸w,B4B3L: The Hacking Game,https://github.com/Nicramus/b4b3l_the_hacker_game,"Python, Pygame, Linux"
http://codinghabit.pl/,Micha Kotowski,Czytnik RSS na Androida skupiajcy si na mo偶liwoci modyfikacji wygldu i zachowania artyku贸w oraz samej aplikacji.,News Observer,https://github.com/mkotowski/news-observer,"JavaScript, TypeScript, Angular 2, Ionic 2, Cordova"
http://martanocon.com/,Marta Noco,Kontrola bud偶etu domowego przy minium wysiku.,Bud偶et domowy,https://github.com/nocmar/wallet,"JavaScript (React.js, React Native"
http://pawelrzepinski.azurewebsites.net/,Pawe Rzepiski,Projekt stworzenia aplikacji na Universal Windows Platform z uwzgldnieniem caego procesu od zera do opublikowania.,Aplikacja mobilna portalu BoardGameGeek.com,https://github.com/przepinski/bgguwp,"C#, XAML"
http://paweljurczynski.pl/,Pawe Jurczyski,Szybka droga do nauki dzwiek贸w na gryfie,Nice fretboard,https://github.com/paweljurczynski/nicefretboard,"HTML5, CSS3, JavaScript, Cordova/Ionic"
http://www.pgrzesiek.pl,Przemysaw Grzesiek,"System zam贸wie, ofertowania i sprzeda偶y produkt贸w i usug",SprzedazNet,https://github.com/przemekgrz/SprzedazNet,"ASP.NET MVC, Azure"
http://krzyskowk.postach.io/,Krzysztof Krzyk贸w,"DYI home media center. Na pocztek prosta funkcja odtwarzania film贸w z domowej kolekcji. Nigdy wicej wstawania z kanapy, taszczenia laptopa, kabli, myszy, klawiatur. Home media center w oparciu o .net UWP (windows 10 IoT ready - kiedy wreszcie doczekamy",SoSmartTv,https://github.com/KrzyskowK/SoSmartTv,Technologie: TV pc (raspberry PI 2 + windows 10
http://marcindrobik.pl,Marcin Drobik,"Zestaw narzdzi do pracy nad problemami nauczania maszynowego, inspirowane kursem Stanford University.",StratosphereNet,https://github.com/mandrek44/stratosphere-net,C#
http://michal.muskala.eu/,Micha Muskaa,Kompilator Scheme R7RS do LLVM,llscm,https://github.com/michalmuskala/llscm,Haskell (kompilator
https://www.facebook.com/Akti-486837264835951/?ref=bookmarks,Aleksandra Pruszyska,AKTI - first virtual reality childrens learning companion,Akti,https://github.com/AleksisPe/PAKKT.git,Android
http://lukasstankiewicz.github.io/,ukasz Stankiewicz,Platform for better education experience,pedago.io,https://github.com/lukasstankiewicz/pedago.io,"ES6, React, Node, Redis, Docker, Electron"
http://damiankedzior.com/,Damian Kdzior,"Zarzdzanie prac zadaniow w terenie, tworzenie zlece, podzia pracy, wykonywanie zlece i dokumentacja za pomoc aplikacji mobilnej.",LocoWork,https://github.com/DamianKedzior/locowork,".NET, c#, AZURE, Cordova, HTML5, AngularJS"
https://jporwol.wordpress.com/,Jarosaw Porwo,Run and aim. Gra w przegldarce pozwalajca na rywalizacj w nieskoczonym deathmatchu na wsp贸lnej arenie.,Raim,https://github.com/pako1337/raim,".NET, C#"
http://takiarek.com,Arkadiusz Kita,"Strona internetowa, na kt贸rej spoeczno ocenia dystrybucje linuksowe pod wzgldem ich cech (np. przystpno, konfigurowalno itp.) oraz zastosowa (np. do gier, programowania itp.).",Which Linux,https://github.com/takiarek/which-linux,Ruby on Rails
https://ourtownapp.wordpress.com/,Micha Targiel,"Aplikacja majca na celu uatwienie stworzenia aplikacji mobilnej dla maych miast. Minimalnym nakadem pracy, mieszkacy mog otrzyma aplikacje do tej pory znane tylko z wielkich miast.",OurTownApp,https://github.com/mtargiel/ourtownapp.git,Xamarin
http://ggajos.com,Grzegorz Gajos,Czyszczenie projekt贸w w przyjazny dla developera spos贸b. Wicej na stronie projektu.,ot-clean,https://github.com/ggajos/ot-clean,Java (c贸偶 wicej trzeba
http://commitandrun.pl/,Dawid Kaliszewski,Framework do szybkiego tworzenia aplikacji crudowych w oparciu o ASP.NET MVC i NHibernate.,Pizza MVC,https://github.com/dwdkls/pizzamvc/,.NET
http://czesio-w-it.2ap.pl,CZe SiO,Otwarta platforma integracyjna rozwiza inteligentnego domu. Szerszy opis wymaga i realizowanych funkcji pojawi si na blogu :),SmartHub,https://github.com/czesiu/Luma.SmartHub,.NET (m.in. ASP.NET MVC i Web API
http://kreskadev.azurewebsites.net/,Rafa Krasowski,Implementacja engine do gry.,BlackPearl,https://github.com/KreskaDev/BlackPearl,C#
https://werpuc.wordpress.com/,Weronika Puchaa,program do ledzenia postp贸w w treningach,PlanOS,https://github.com/werpuc/PlanOS,Java
http://jsdn.pl/,Andrzej Zag贸rski,Gra platformowa napisana w JavaScripcie,JS Platformer,https://github.com/Greeborox/JS-platformer,"JavaScript, HTML 5 Canvas, Node.js"
http://www.marcinwojdak.pl,Marcin Wojdak,wyszukiwarka dla polskich (na razie) serwis贸w wideo na 偶danie,VodSearcher,https://github.com/marcinwojdak/VodSearcher,"ASP.NET MVC, TDD, Entity Framework"
http://www.malachowicz.org/,Filip Maachowicz,Framework uatwiajcy korzystanie z Akka.net w aplikacjach internetowych napisanych w ASP.net (MVC/WebAPI jeli bdzie mo偶liwo to Core). Projekt ma na celu popularyzacje programowania reaktywnego w aplikacjach internetowych.,Avatar,https://github.com/Exef/Avatar,akka.net
http://bentkowski.northeurope.cloudapp.azure.com/,Jakub Bentkowski,Crossplatformowy silnik do gier 3D,Volkhvy,https://github.com/MrJaqbq/Volkhvy,"C++, OpenGL, Vulkan"
http://www.blog.exmoor.pl,Micha Masowski,"Strona, gdzie ka偶dy u偶ytkownik bdzie m贸g dodawa swoje wpisy i zaplanowane wycieczki.",Travel Blog,https://github.com/eXMooR/nodeblog,Node.js Angular.js Mongodb
https://koniecznuda.wordpress.com/,Wojciech Kurkowski,"Celem projektu jest zbudowanie aplikacji internetowej z tablic wpis贸w dotyczcych rzeczy pozytywnych (zdj, kr贸tkich historii). Docelowo aplikacja ma korzysta z serwis贸w WCF z kt贸rymi te偶 bdzie kontaktowa si wersja mobilna aplikacji. Temat przewodni",TablicaUmiechu,https://github.com/letsgoforaride/ShareGoodnessWebProject,ASP.NET MVC WCF Azure AngularJS
https://krzysztofmorcinek.wordpress.com/,Krzysztof Morcinek,simple family card game which can be played via browser and on Android and iOS (maybe with Beacons).,Simple Card Game,https://github.com/kmorcinek/SimpleCardGame,"C#, HTML5, AngularJS, (Xamarin on Android & iOS"
http://blog.roobina.pl,Dorota Przenioso,,,https://github.com/rubina90/Unislaw,"html, css, javascript, ember.js"
http://www.arturnet.pl,Artur Sm贸ka,Aktywne monitorowanie otoczenia. IoT + interfejs WEBowy.,CyberHome,https://github.com/Art3Ska/CyberHome,"C++, LUA, ASP .NET MVC, AngularJS, Bootstrap, RestAPI"
http://blog.waldemarbira.pl/,Waldemar Bira,API systemu rezerwacji z panelem administratora.,System rezerwacji,https://github.com/wbira/reservation-api,"Javascript, Node.js, MongoDB i inne"
http://justmypassions.pl/,Maciej Berdyszak,Zapanuj nad otaczajcymi Ciebie informacjami,Hollow,https://github.com/mberdysz/hollow,"C#, Universal Apps, ASP.NET MVC, Android"
http://blog.kurpio.com/,Marcin Markiewicz,,BO,https://github.com/marcinmarkiewicz/blog,Blog Od Podszewki
http://cad.bane.pl,Cad Bane,Aplikacja na androida pozwalajca odszuka najbli偶sz toalet.,AleJaMusze,https://github.com/cadbane/alejamusze,"Java, Android"
http://codestorm.pl,Krzysztof Borowczyk,W du偶ym skr贸cie: aplikacja do prowadzenia domowego bud偶etu. Na pocztek klient desktopowy z lokaln baz danych. Jak czasu i motywacji wystarczy to mo偶e powstanie jaki webservice + klient webowy i/lub mobile.,MoneyStorm,https://github.com/Gveir/MoneyStorm,"C#/.NET, WPF, Entity Framework, SQLite"
http://charyzmatyczny-programista.blogspot.com,Rafa Garbowski,,PomodoroFreak,https://github.com/RG9/PomodoroFreak,JavaFX
https://odzeradokoderablog.wordpress.com/,Rafa Dziedzic,Aplikacja umo偶liwiajca sprawdzenie swojej bystroci i zmagania si z prostymi i popularnymi zagadkami matematycznymi i nie tylko,Bystra Gra Logiczna,https://github.com/rafal-dziedzic/dajsiepoznac,JAVA
http://www.sztobar.net,Bartosz Szewczyk,"Biblioteka UI do tworzenia interaktywnych tablic w przegldarce. Tablica nie oznacza tutaj typow tabelk, biblioteka ma umo偶liwi proste stworzenie tablicy kanban czy kalendarza (co na wz贸r http://fullcalendar.io/) zale偶nie od konfiguracji. Wykorzystani",elm-board,https://github.com/sztobar/elm-board,Jzyk elm - statycznie typowany jzyk transpilowany do javascriptu
http://lukasz-zborek.pl,ukasz Zborek,"Projekt ma na celu stworzenie aplikacji na smartfony(mo偶e tez na co wicej), dziku kt贸rej sprawdzimy rozkad jazdy bus贸w.",Rozkad Jazdy,https://github.com/AssAssIn1909/RozkladJazdy,"Xamarin, MySQL/MSSQL, tyle na pocztek"
https://ismenax.wordpress.com/,ISMENA JASKA,Celem projektu jest stworzenie przyjaznej dla u偶ytkownika aplikacji pomagajcej w nauce zagadnie zwizanych z przedmiotem Analiza matematyczna.,,https://github.com/ISMENAX/ISMENAX,Aplikacja stworzona w jzyku programowania C#
http://epascales.blogspot.com/,Mariusz Jakowiak,Aplikacja webowa do wykonywania spisu z natury przez kilku u偶ytkownik贸w jednoczenie.,Inwentaryzacja online,https://github.com/epascales/inventory,"Angular2, nodejs"
http://dev.kielczykowski.pl/,ukasz Kieczykowski,"Projekt bdzie polega na stworzeniu silnika blogowego, kt贸ry jest tylko przykrywk dla gbszego poznania Reacta i Reduxa.",Reactive Blog,https://github.com/luckyluk92/reactive-blog,"Ruby on Rails, React, Readux"
http://mariuszbartosik.com,Mariusz Bartosik,Produkcja demoscenowa,Project 247,https://github.com/Lazarus247/project247,"C++, OpenGL, GLSL"
http://dragonet-therrax.blog.pl/,Karol Cicho,Sklep internetowy,Sklep - BadBoys,https://dragonet17c.visualstudio.com/defaultcollection/_git/BadBoys%20v0.1,"C#, ASP.NET"
http://www.sgierlowski.pl,Sebastian Gierowski,Emulator konsoli gameboy napisany w c#,Emulator Konsoli Gameboy,https://github.com/ebondust/emulatorgba.git,c#
http://moje-zagwostki.blogspot.com/,Pawe Nyczkowski,"Program kt贸ry bdzie pobiera dane z jednego formatu na inny. plik 偶r贸dowy bdzie m贸g by lokalny, zdalny, spakowany, szyfrowany, bo偶e by tabel w bazie tak samo plik wynikowy. Og贸lnie rzecz ujmujc kombajn do konwersji przydatny dla pocztkujcych pro",NiecodziennyImporter,https://github.com/PicassoPn/NiecodziennyImporter.git,WinForms - bo dlaczego nie
http://aragornziel.blogspot.com/,Adam Zieliski,Aplikacja webowa su偶ca do analizy statystyk koszykarskich,BasketAnalytics,https://github.com/Aragornziel/dajsiepoznac,ASP.NET MVC
http://bartmalanczuk.github.io/,Bartomiej Maaczuk,Klon minigry z trybu offline Chrome'a napisany w vimscripcie,Vim T-Rex Runner,https://github.com/bartmalanczuk/vim-trex-runner,vimscript
http://www.winiar.pl/blog,Marcin Winiarski,"BossEye ma by programem do zarzdzania w maej firmie. Ma pozwala na zarzdznie pracownaikami, baz danych, obiegiem papier贸w, rodzielaniem zada. W swojej funkcjonalnoci ma ta偶e zawiera modul dziki kt贸remu zautomatyzujemy prac, oraz funkcje do napr",BossEye,https://github.com/winiardesign/BossEye,"WPF C#, mo偶liwe 偶e jaki modu powstanie w ASP.NET MVC"
http://msaldak.pl/,Mariusz Sadak,Pr贸ba stworzenia platformy eksploracji danych z u偶yciem narzdzi open-source dla systemu klasy CRM.,big-crm-data-processors,https://github.com/mariusz-saldak/big-crm-data-processors,"Java, Groovy"
http://krzysztofabramowicz.com/,Krzysztof Abramowicz,Architectonic Rendering Engine,HyperVision,https://github.com/krzysztof-abramowicz/hyper-vision,"C, OpenGL"
https://zerojedynka.wordpress.com/,Damian Kryger,Ma by to klon popularnej gry minecraft wykonany w celach edukacyjnych samodzielnie z wykorzystaniem silnika Unity 3D oraz jzyka C#,MinecraftClone,https://github.com/jettroy/MinecraftClone,C# oraz Unity 3D
http://www.kamilhawdziejuk.wordpress.com,Kamil Hawdziejuk,"Tool do opensourcowego narzdzia Lab Of Things (http://www.lab-of-things.com) su偶cy do wspierania pracy instalatora automatyki domowej. Tool ma skada si z systemu do definiowania stan贸w, wprowadzania regu i walidacji stanu domu..",Editor for home automation,https://github.com/kamilhawdziejuk/labofthings_editor,"C#, JavaScript, JQuery, AngularJS?, Azure?"
http://paweldobrzanski.pl/blog,Pawe Dobrzaski,"Znajd藕 swoje eventy bran偶owe i zapisz si na nie, a ja Ci o nich przypomn odpowiednio wczeniej!",Eventsearch,https://github.com/padob/eventsearch,"java, spring mvc, hibernate, angular, bootstrap, quartz"
http://polak.azurewebsites.net/,Micha Polak,,LightSense,https://github.com/havranek1024/LightSense,"Arduino, AtMega, C"
https://bizon7nt.github.io,Arkadiusz Gdek,Projekt zakada stworzenie aplikacji bdcej stoperem sterowanym d藕wikiem. W ramach projektu zostanie zaimplementowany algorytm uczenia maszynowego kt贸rego zadaniem bdzie nauczenie si rozpoznawania d藕wiku wystrzau szampana. Aplikacja z wyuczonym algo,Turbo Szampan,https://github.com/bizon7nt/TurboSzampan,"C#, Xamarin, prawdopodobnie R"
http://foreverframe.pl,Dariusz Pawlukiewicz,Aplikacja webowa do zarzdzania projektami w metodyce SCRUM,Aurora,https://github.com/GooRiOn/Aurora,"ASP.NET 5, Entity Framework 7, xUnit, NSubstitute, Aurelia.io, TypeScript, D3.js, karma.js, protractor.js"
http://bartoszzaremba.pl,Bartosz Zaremba,"Projekt ma na celu stworzenie prostej gry opartej na quizie z r贸偶norakimi zadaniami. Podczas rozwizywania zada, bdziemy zbierali punkty i wymieniali si zdobytymi osigniciami z innymi u偶ytkownikami. Podczas tworzenia aplikacji bd ukazane plusy jak ",SelfTweak,https://github.com/artbase/bartosz-zaremba-konkurs-daj-sie-poznac,"javascript, node.js, angular, mongodb, mysql"
http://www.ankwieci.pl/,Andrzej Kwiecie,Zestaw narzdzi do tworzenia automatycznych test贸w (BDD + Selenium).,Does It Work ?,https://github.com/ankwieci/DoesItWork,".NET, nodejs, Gherkin(Specflow"
http://marcinkowalczyk.pl/blog/,Marcin Kowalczyk,Aplikacja webowa do tworzenia i generowania agendy dla seminari贸w i konferencji.,AgendaEditor,https://github.com/mkczyk/agenda-editor,"Java, Spring, AngularJS, JavaScript, jQuery, HTML, CSS, REST, API, Azure"
http://www.webatelier.io/,Karol Lamparski,GUI do tworzenia i edycji konfiguracji element贸w (NodeTypes) dla stron stworzonych w Neos CMS,Node Types Builder For Neos CMS,https://github.com/klamparski/Mrf.NodeTypesBuilder,"PHP, AngularJS 2, Flow Framework, Neos CMS"
http://rutkowski.in,Jakub Rutkowski,Akwarystyczny sterownik,Tank-Control,https://github.com/JakubR/Tank-Control,C#
http://asznajder.github.io,Adam Sznajder,Narzdzie do optymalizowania koszt贸w wykorzystania przechowywania plik贸w w chmurze AWS na S3.,OptimiS3r,https://github.com/asznajder/optimiS3r,"Scala, AWS"
http://www.jagielski.net,Micha Jagielski,Program do analizowania wydatk贸w na podstawie paragon贸w,Prag,https://github.com/dervan/prag,Java
http://plotzwi.com,Patryk Lotzwi,System CMS,Nocturno,https://github.com/patrikulus/Nocturno,ASP.NET Core 1.0
https://netgwg.wordpress.com,Grzegorz Gwrada,W projekcie postaram si stworzy stron na kt贸rej osoba trenujca bdzie moga umieszcza swoje treningi i sprawdza postpy. Oczywicie postaram si stworzy jak najbardziej rozbudowana.,Control your trenning,https://github.com/netgwg/Konkurs,asp.net mvc
http://coder-log.blogspot.com/,Micha Pua,Osobisty manager wydatk贸w.,FinanceMng,https://github.com/pulakmpc/FinanceMng,"Android, Java"
http://dev30.pl,Dariusz Krukowski,"portal ofertowy, z mo偶liwoci dopasowania do r贸偶nych rodzaj贸w ofert",oferto,https://github.com/kruq/oferto.git,"asp.net mongodb angular.js moq/nunit, jeli czas pozwoli chciabym napisa aplikacj UWP"
https://chrisseroka.wordpress.com/,Krzysztof Seroka,Przegldarka log贸w aplikacji w konsoli,logcmd,https://github.com/chrisseroka/logcmd,C#
http://andrzejdubaj.com,Andrzej Dubaj,IoT,Feedbacker,https://github.com/coffeina/Feedbacker,java/android + c
http://www.agatamroz.com.pl,Agata Mr贸z,"Aplikacja mobilna dla os贸b podr贸偶ujcych, zwiedzajcych. Jednym klikniciem 'memorize it' aplikacja zapamituje to miejsce, zapisuje lokalizacj gps i umo偶liwia dodanie zdjcia.",memorize it!,https://github.com/curryy/memorizeIt,"android, java, .net"
https://blog.luzid.co/concerto/,Tomasz Cudzio,"Projekt ma za zadanie stworzy prototyp usugi (prawdopodobnie serwer z REST API i aplikacja mobilna) na smartphone'y, pozwalajc na kupienie bilet贸w koncertowych na podstawie zdjcia standardowych plakat贸w je reklamujcych.",Concerto,https://github.com/tomasz/concerto,Java (mo偶liwie Scala
http://nikow.pl,Mariusz Klinikowski,"na razie blog jest pusty, bo chc napisa bloga o tym jak pisa bloga piszc bloga (tzn bd pisa silnik do bloga i samego bloga w nim)",nlog,https://github.com/nikow/nlog,"python, django, js"
