"","repo_owner","repo_name"
"1","karafka","karafka"
"2","fe-li","Arczupiczu"
"3","artofai","EyeOfHorus"
"4","djfoxer","dp.notification"
"5","JaCzekanski","Avocado"
"6","TomaszMolenda","mediciline"
"7","Bartuz","april"
"8","YogAzathoth","LetMeGetToKnowYou"
"9","Dorrro","CookBook"
"10","1nk4","szafbook"
"11","Szarp","parkSensor"
"12","rgonek","Ilaro.Admin"
"13","dachowiec","ShowMeTheMoney"
"14","Quintasan","fgodb"
"15","lorow","Beabest"
"16","malezoltekrety","FencingEars"
"18","Piatkosia","bezpieczniejsi"
"19","sikora507","svc350"
"20","WolfMan12333","PM4P"
"21","rolldev","zarezerwujto"
"22","dziewczynazpytonem","job-interview"
"23","chyla","pat-lms"
"24","szymski","orly"
"25","cldbrr","ombox"
"26","aneta-bielska","home-for-paws-app"
"27","fcin","RemindMe"
"28","Harriet92","TemporalRPGSystem"
"29","nu-soft","fsharp-ads-toolkit"
"30","krzysiekmwk","projekt"
"31","abac00s","HydeCMS"
"32","TomaszKorecki","connectYourself"
"33","Sebastian-Gruchacz","Flaksator"
"34","pablot","HardRider"
"35","lukasz-pyrzyk","Kronos"
"36","MarcinSzyszka","MobileSecondHand"
"37","kars7e","toxic-rats"
"38","jedrzejd","dyzur"
"39","mateuscod88","MateoRobiApke"
"40","uoopl","uoo-light"
"41","GGG205","Sztuczna-sie-neuronowa"
"42","Reaw","InventoryLight"
"43","qbasko","TimePlanner"
"44","krzyzaw","TrenerPersonalny"
"45","BartekR","ssis-winscptask"
"46","mdymel","miseco"
"47","pikoscielniak","notifier"
"48","lshadown","LiveShare"
"49","lukaszantkowiak","simple-document-manager"
"50","pumiko","sloiczki"
"51","Marfusios","supermaze2"
"52","jurek333","CoreWars"
"53","xxl93","Payoff"
"54","jstadnicki","isthereanynews"
"55","duszekmestre","MoN.Messenger"
"56","dkoscielski","MathGame"
"57","matma","github-linter"
"58","m-wilczynski","Localwire.Graphinder"
"59","gpks","class_generator"
"60","OxbowINC","konkurs"
"61","adamskopl","runpigsrun"
"62","mesitko","paralleldraw"
"63","Raspi684","simpleshop"
"64","wildcat89","SocialCooking"
"65","Scooletz","RampUp"
"66","katafrakt","erreka"
"67","KarolPysklo","vm"
"68","palucki","leauge-explorer"
"69","kkokosa","MemoryVisualizer"
"70","SlavianUA","justEngine2D"
"71","bodolsog","GreenWave"
"72","migellal","Elementarz"
"73","michal-franc","OverSeer"
"74","donpiekarz","bocianiegniazdo"
"75","PiotrWandycz","flyen-shoot"
"76","AdamSzneider","TrainingPlanner"
"77","wwalentynowiczdev","multiperceptron-lab"
"78","sebcza","coms"
"79","maciejkorsan","officer-pi"
"80","Jaryn91","PokerWebsite"
"81","r-hryniewski","YumYum"
"82","JGrzybowski","JobTracker"
"83","Yyystek","db"
"84","slawciu","rzeczybezinternetu"
"85","FilipPlotnicki","fogvis"
"86","ukaszjankowski","Marble"
"87","manio143","SharpOffice"
"88","swistak35","symmetrical-chainsaw"
"89","mrcmatuszak","postie"
"90","MDikkii","FamiliadaDSP"
"91","mkubasz","TrueChat"
"92","kubaszumiato","DotNetVideos"
"93","Matejkos","SignalYTPlayer"
"94","konstruktywnie","metod"
"95","przempore","Deadstorm"
"96","Greg0","JourneyPlanner"
"97","masakradev","TextAdventure"
"98","CezaryRynkowski","taskager"
"99","manisero","DSLExecutor"
"100","programistka","ShoppingAdvisor"
"101","maque","JSDemoScene"
"102","mbork","logeox"
"103","maciejlew","drug-dose-framework"
"104","suvroc","WebAPI-OWASP-App-Sensor"
"105","xrbartek","footballgame"
"106","michalogluszka","shout"
"107","DeTheTurquoise","sprobujzmiany"
"108","adrianancymon","fishpot"
"109","Stitz","MegaMinesweeper"
"110","CezaryCezary","FinData"
"111","pchmielowski","ContextAwareTodoList"
"112","Tokalos","-Myfirstandroidgame"
"113","Ciejaa","postcards-sending"
"114","AwareOwl","TokenBattle"
"115","SzymonNapierala","Kr-wka"
"116","NicholasZyl","take-a-pill"
"117","MilenaWronka","DajSiePoznac"
"118","immora","dog-groomer"
"119","leszczynski-it","gramy"
"120","Konradox","SimulatorController"
"121","Namek","TheConsole2"
"122","Brlo1992","BeMoreFit"
"123","php-ai","php-ml"
"124","powsianik","HardTraining"
"125","ibpabisiak","FreeRunner"
"126","MaciekLesiczka","dsp"
"127","antDOT","SnailTrumpeter"
"128","kuster91","daj_sie_poznac"
"129","msnowak","RemoteController"
"130","Nitwoe","Praedium"
"131","rutkowskij","doberman"
"132","qba8","easyGALib"
"133","Nowas","ToTu"
"134","brogowski","RL-Engine"
"135","jfalenczyk","AdGatherer"
"136","DrGruby","city-game"
"137","fogielpiotr","Dart_Vader"
"138","dhermyt","WONS"
"139","creyn","Smart-Lodowka"
"140","nikow","nlog"
"141","ppkozlowski","FileExchangerService"
"142","pawel-stolka","buenCamino"
"143","koderatornia","naves"
"144","hajdusia","csharks"
"145","InfamousNinja","onehundredone"
"146","mcupial","PiwNews"
"147","gotowalski","TruBaaS"
"149","jsosnowski","TwiTop"
"150","barozi","EMSoRasPi"
"151","arekbal","arekbal.github.io"
"152","Nicramus","b4b3l_the_hacker_game"
"153","mkotowski","news-observer"
"154","nocmar","wallet"
"155","przepinski","bgguwp"
"156","paweljurczynski","nicefretboard"
"157","przemekgrz","SprzedazNet"
"158","KrzyskowK","SoSmartTv"
"159","mandrek44","stratosphere-net"
"160","michalmuskala","llscm"
"161","AleksisPe","PAKKT"
"162","lukasstankiewicz","pedago.io"
"163","DamianKedzior","locowork"
"164","pako1337","raim"
"165","takiarek","which-linux"
"166","mtargiel","ourtownapp"
"167","ggajos","ot-clean"
"168","dwdkls","pizzamvc"
"169","czesiu","Luma.SmartHub"
"170","KreskaDev","BlackPearl"
"171","werpuc","PlanOS"
"172","Greeborox","JS-platformer"
"173","marcinwojdak","VodSearcher"
"174","Exef","Avatar"
"175","MrJaqbq","Volkhvy"
"176","eXMooR","nodeblog"
"177","letsgoforaride","ShareGoodnessWebProject"
"178","kmorcinek","SimpleCardGame"
"179","rubina90","Unislaw"
"180","Art3Ska","CyberHome"
"181","wbira","reservation-api"
"182","mberdysz","hollow"
"183","marcinmarkiewicz","blog"
"184","cadbane","alejamusze"
"185","Gveir","MoneyStorm"
"186","RG9","PomodoroFreak"
"187","rafal-dziedzic","dajsiepoznac"
"188","sztobar","elm-board"
"189","AssAssIn1909","RozkladJazdy"
"190","ISMENAX","ISMENAX"
"191","epascales","inventory"
"192","luckyluk92","reactive-blog"
"193","Lazarus247","project247"
"194","Dragonet17","BadBoys"
"195","ebondust","emulatorgba"
"196","PicassoPn","NiecodziennyImporter"
"197","Aragornziel","dajsiepoznac"
"198","bartmalanczuk","vim-trex-runner"
"199","winiardesign","BossEye"
"200","mariusz-saldak","big-crm-data-processors"
"201","krzysztof-abramowicz","hyper-vision"
"202","jettroy","MinecraftClone"
"203","kamilhawdziejuk","labofthings_editor"
"204","padob","eventsearch"
"205","havranek1024","LightSense"
"206","bizon7nt","TurboSzampan"
"207","GooRiOn","Aurora"
"208","artbase","bartosz-zaremba-konkurs-daj-sie-poznac"
"209","ankwieci","DoesItWork"
"210","mkczyk","agenda-editor"
"211","klamparski","Mrf.NodeTypesBuilder"
"212","JakubR","Tank-Control"
"213","asznajder","optimiS3r"
"214","dervan","prag"
"215","patrikulus","Nocturno"
"216","netgwg","Konkurs"
"217","pulakmpc","FinanceMng"
"218","kruq","oferto"
"219","chrisseroka","logcmd"
"220","coffeina","Feedbacker"
"221","curryy","memorizeIt"
"222","tomasz","concerto"
"223","Fadwick","forgotten_arena"
"225","kicholen","SpaceShooter"
"226","zelazowy","panikoton"
"227","mkowsiak","scratch"
"228","alien-mcl","URSA"
"229","xorch","WellDoneItXam"
"230","tsokol83","robot-arm-controller"
"232","rporzuc","FindFriends"
"233","MDziubek","lazarusdevblog"
"234","Novakov","Pather"
"235","tsovek","KrakmApp"
"236","piotrowy","foodculture"
"237","adambutch","NativeScript-Angular-Battleship"
"238","spetz","sentry"
"2351","wikibus","wikibus-backend"
"2361","wikibus","Nancy.RDF"
"2371","wikibus","JsonLD.Entities"
"2381","wikibus","data.wikibus.org"
"239","wikibus","www.wikibus.org"
"240","wikibus","heroku-buildpack-mono"
"241","wikibus","heroku-buildpack-mono-1"
"242","MeteoStation","MeteoArduino"
"243","MeteoStation","MeteoWebsite"
